letter,Total_count,UpperCase_count,Percentage
a,111,13,11.711711711711711
b,20,10,50.0
c,11,0,0.0
d,51,0,0.0
e,139,1,0.7194244604316548
f,17,0,0.0
g,16,1,6.25
h,42,3,7.142857142857142
i,99,1,1.0101010101010102
j,1,0,0.0
k,8,3,37.5
l,94,3,3.1914893617021276
m,23,0,0.0
n,96,32,33.33333333333333
o,88,8,9.090909090909092
p,53,12,22.641509433962266
q,1,0,0.0
r,53,1,1.8867924528301887
s,113,0,0.0
t,50,4,8.0
u,37,0,0.0
v,31,0,0.0
w,58,8,13.793103448275861
x,4,0,0.0
y,20,5,25.0
z,2,2,100.0
